Workbook

Sheet Assignment
E3: BASIC EXCEL ASSIGNMENT

Sheet Question - 1
A2: Q1. | B2: Explain the difference between Relative , Absolute and Mixed Cell Referencing._x000B_
A4: Ans- | B4: Relative Cell Reference
B5: A relative reference is a cell reference that changes relative to the position of the formula when copied to another cell. It's like a "relative" address that adjusts based on the new location.
B6: Examples:
B7: - =A1 (if copied to B2, becomes =B2)
B8: - =SUM(A1:B2) (if copied to C3:D4, becomes =SUM(C3:D4))
B10: Absolute Cell Reference
B11: An absolute reference is a cell reference that remains fixed, even when a formula is copied to another cell. It's like an "absolute" address that doesn't change.
B12: Examples:
B13: - =$A$1 (remains =$A$1 wherever copied)
B14: - =A$1*$B$2 (the references to A1 and B2 remain fixed)
B16: Mixed Cell Reference
B17: A mixed reference has either the column or row fixed, while the other part is relative.
B18: Examples:
... B25: If you copy the formula in C3 to D4
B26: If Cell Reference is | D26: Relative (=A1+B1): becomes =B2+C2
B27: If Cell Reference is | D27: Absolute (=$A$1+$B$1): remains =$A$1+$B$1
B28: If Cell Reference is | D28: Mixed (=$A1+B$1): becomes =$A2+C$1

Sheet Question-2
A2: Q2. | B2: Write a formula to calculate the total sales of Car and Bicyle only only.
B4: You have the following dataset:
B6: Vehicle | C6: Price
B7: Car | C7: 500000
B8: Bicycle | C8: 10500
B9: Auto-Rickshaw | C9: 25000
A11: Solution-
B12: Total sales of Car - | C12: =SUMIF(B7:B9,"Car",C7:C9) -> 500000
B13: Total sales of Bicycle - | C13: =SUMIF(B7:B10,"Bicycle",C7:C10) -> 10500
B14: Total sales of Car and Bicycle - | C14: =SUM(C12:C13) -> 510500

Sheet Question-3
A2: Q3. | B2: Using the data below, write a formula to calculate the average sales of items priced above 100 but less than 300 ?
B4: Item | C4: Price | D4: Sales
B5: Item A | C5: 90 | D5: 1000
B6: Item B | C6: 150 | D6: 1200
B7: Item C | C7: 250 | D7: 1500
A9: Solution -
B10: Condition - | C10: Average sales of items priced above 100 but less than 300
C11: =AVERAGEIFS(D5:D7,C5:C7,">100",C5:C7,"<300") -> 1350

Sheet Question-4
B2: OrderID | C2: CustomerName | D2: Region | E2: Product | F2: Quantity | G2: UnitPrice | H2: OrderDate | J2: Q4. | K2: Count how many customer names are recorded ?
B3: 1001 | C3: Amit Sharma | D3: North | E3: Notebook | F3: 10 | G3: 50 | H3: 45296 | J3: Ans- | K3: =COUNTA(C3:C52) -> 50
B4: 1002 | C4: Neha Verma | D4: South | E4: Pen | F4: 20 | G4: 10 | H4: 45297
B5: 1003 | C5: Rahul Singh | D5: East | E5: Marker | F5: 15 | G5: 25 | H5: 45298
B6: 1004 | C6: Pooja Mehta | D6: West | E6: Notebook | F6: 5 | G6: 50 | H6: 45299
B7: 1005 | C7: Ankit Jain | D7: North | E7: Pencil | F7: 30 | G7: 5 | H7: 45301
B8: 1006 | C8: Sneha Patel | D8: South | E8: Notebook | F8: 12 | G8: 50 | H8: 45302
B9: 1007 | C9: Vikas Gupta | D9: East | E9: Eraser | F9: 25 | G9: 8 | H9: 45304
B10: 1008 | C10: Meera Nair | D10: West | E10: Pen | F10: 18 | G10: 10 | H10: 45306
B11: 1009 | C11: Anjali Rao | D11: North | E11: Marker | F11: 22 | G11: 25 | H11: 45308
B12: 1010 | C12: Manoj Das | D12: South | E12: Notebook | F12: 8 | G12: 50 | H12: 45309
B13: 1011 | C13: Ritika Sen | D13: East | E13: Pencil | F13: 40 | G13: 5 | H13: 45310
B14: 1012 | C14: Karan Malhotra | D14: West | E14: Eraser | F14: 35 | G14: 8 | H14: 45311
B15: 1013 | C15: Aryan Joshi | D15: North | E15: Notebook | F15: 14 | G15: 50 | H15: 45313
... B52: 1050 | C52: Vivek Malhotra | D52: South | E52: Pen | F52: 25 | G52: 10 | H52: 45359

Sheet Question-5
J3: Q5. | K3: Calculate the Total Sales for each row using a formula.
B4: OrderID | C4: CustomerName | D4: Region | E4: Product | F4: Quantity | G4: UnitPrice | H4: OrderDate | J4: Ans | K4: Total Sales Of Each Row
B5: 1001 | C5: Amit Sharma | D5: North | E5: Notebook | F5: 10 | G5: 50 | H5: 45296 | K5: =$F5*$G5 -> 500
B6: 1002 | C6: Neha Verma | D6: South | E6: Pen | F6: 20 | G6: 10 | H6: 45297 | K6: =$F6*$G6 -> 200
B7: 1003 | C7: Rahul Singh | D7: East | E7: Marker | F7: 15 | G7: 25 | H7: 45298 | K7: =$F7*$G7 -> 375
B8: 1004 | C8: Pooja Mehta | D8: West | E8: Notebook | F8: 5 | G8: 50 | H8: 45299 | K8: =$F8*$G8 -> 250
B9: 1005 | C9: Ankit Jain | D9: North | E9: Pencil | F9: 30 | G9: 5 | H9: 45301 | K9: =$F9*$G9 -> 150
B10: 1006 | C10: Sneha Patel | D10: South | E10: Notebook | F10: 12 | G10: 50 | H10: 45302 | K10: =$F10*$G10 -> 600
B11: 1007 | C11: Vikas Gupta | D11: East | E11: Eraser | F11: 25 | G11: 8 | H11: 45304 | K11: =$F11*$G11 -> 200
B12: 1008 | C12: Meera Nair | D12: West | E12: Pen | F12: 18 | G12: 10 | H12: 45306 | K12: =$F12*$G12 -> 180
B13: 1009 | C13: Anjali Rao | D13: North | E13: Marker | F13: 22 | G13: 25 | H13: 45308 | K13: =$F13*$G13 -> 550
B14: 1010 | C14: Manoj Das | D14: South | E14: Notebook | F14: 8 | G14: 50 | H14: 45309 | K14: =$F14*$G14 -> 400
B15: 1011 | C15: Ritika Sen | D15: East | E15: Pencil | F15: 40 | G15: 5 | H15: 45310 | K15: =$F15*$G15 -> 200
B16: 1012 | C16: Karan Malhotra | D16: West | E16: Eraser | F16: 35 | G16: 8 | H16: 45311 | K16: =$F16*$G16 -> 280
... B54: 1050 | C54: Vivek Malhotra | D54: South | E54: Pen | F54: 25 | G54: 10 | H54: 45359 | K54: =$F54*$G54 -> 250

Sheet Question-6
B2: OrderID | C2: CustomerName | D2: Region | E2: Product | F2: Quantity | G2: UnitPrice | H2: OrderDate | I2: Total Sales | K2: Q6. | L2: Calculate the total sales of Notebooks in the North region only.
B3: 1001 | C3: Amit Sharma | D3: North | E3: Notebook | F3: 10 | G3: 50 | H3: 45296 | I3: =$F3*$G3 -> 500 | K3: Ans | L3: =SUMIFS(I3:I52,E3:E52,"Notebook",D3:D52,"North") -> 2900
B4: 1002 | C4: Neha Verma | D4: South | E4: Pen | F4: 20 | G4: 10 | H4: 45297 | I4: =$F4*$G4 -> 200
B5: 1003 | C5: Rahul Singh | D5: East | E5: Marker | F5: 15 | G5: 25 | H5: 45298 | I5: =$F5*$G5 -> 375
B6: 1004 | C6: Pooja Mehta | D6: West | E6: Notebook | F6: 5 | G6: 50 | H6: 45299 | I6: =$F6*$G6 -> 250
B7: 1005 | C7: Ankit Jain | D7: North | E7: Pencil | F7: 30 | G7: 5 | H7: 45301 | I7: =$F7*$G7 -> 150
B8: 1006 | C8: Sneha Patel | D8: South | E8: Notebook | F8: 12 | G8: 50 | H8: 45302 | I8: =$F8*$G8 -> 600
B9: 1007 | C9: Vikas Gupta | D9: East | E9: Eraser | F9: 25 | G9: 8 | H9: 45304 | I9: =$F9*$G9 -> 200
B10: 1008 | C10: Meera Nair | D10: West | E10: Pen | F10: 18 | G10: 10 | H10: 45306 | I10: =$F10*$G10 -> 180
B11: 1009 | C11: Anjali Rao | D11: North | E11: Marker | F11: 22 | G11: 25 | H11: 45308 | I11: =$F11*$G11 -> 550
B12: 1010 | C12: Manoj Das | D12: South | E12: Notebook | F12: 8 | G12: 50 | H12: 45309 | I12: =$F12*$G12 -> 400
B13: 1011 | C13: Ritika Sen | D13: East | E13: Pencil | F13: 40 | G13: 5 | H13: 45310 | I13: =$F13*$G13 -> 200
B14: 1012 | C14: Karan Malhotra | D14: West | E14: Eraser | F14: 35 | G14: 8 | H14: 45311 | I14: =$F14*$G14 -> 280
B15: 1013 | C15: Aryan Joshi | D15: North | E15: Notebook | F15: 14 | G15: 50 | H15: 45313 | I15: =$F15*$G15 -> 700
... B52: 1050 | C52: Vivek Malhotra | D52: South | E52: Pen | F52: 25 | G52: 10 | H52: 45359 | I52: =$F52*$G52 -> 250

Sheet Question-7
B2: Row Labels | C2: Sum of Total Sales | F2: Q7. | G2: Create a column chart showing total sales by product.
B3: Eraser | C3: 1928 | F3: Ans -
B4: Marker | C4: 3650
B5: Notebook | C5: 7550
B6: Pen | C6: 2180
B7: Pencil | C7: 1235
B8: Grand Total | C8: 16543

Sheet Question-8
B2: OrderDate | C2: Total Sales | E2: Q8. | F2: Insert a line chart showing daily sales trend.
B3: 45296 | C3: ='Question-6'!$F3*'Question-6'!$G3 -> 500 | E3: Ans -
B4: 45297 | C4: ='Question-6'!$F4*'Question-6'!$G4 -> 200
B5: 45298 | C5: ='Question-6'!$F5*'Question-6'!$G5 -> 375
B6: 45299 | C6: ='Question-6'!$F6*'Question-6'!$G6 -> 250
B7: 45301 | C7: ='Question-6'!$F7*'Question-6'!$G7 -> 150
B8: 45302 | C8: ='Question-6'!$F8*'Question-6'!$G8 -> 600
B9: 45304 | C9: ='Question-6'!$F9*'Question-6'!$G9 -> 200
B10: 45306 | C10: ='Question-6'!$F10*'Question-6'!$G10 -> 180
B11: 45308 | C11: ='Question-6'!$F11*'Question-6'!$G11 -> 550
B12: 45309 | C12: ='Question-6'!$F12*'Question-6'!$G12 -> 400
B13: 45310 | C13: ='Question-6'!$F13*'Question-6'!$G13 -> 200
B14: 45311 | C14: ='Question-6'!$F14*'Question-6'!$G14 -> 280
B15: 45313 | C15: ='Question-6'!$F15*'Question-6'!$G15 -> 700
... B52: 45359 | C52: ='Question-6'!$F52*'Question-6'!$G52 -> 250
